ranks,samples,time_sec,pi_estimate
1,100000000,1.9,3.1416
2,100000000,0.9510200023651123,3.14169588
4,100000000,0.5415027141571045,3.14163396
8,100000000,0.3687922954559326,3.141671
